{"mtx": [
  [170.85069893154193, 0.0, 157.22967729173047],
  [0.0, 167.64711870152243, 121.3719586733355],
  [0.0, 0.0, 1.0]],
  "dist": [
    [-0.3117217758698185,
      0.109731287558920813,
      0.002187232069847291,
      -0.0007073408289928374,
      -0.014414435759916551]]}